state,temperature,precip,humidity,visibility,pressure,cloudcover,heatindex,dewpoint,windchill,windgust,feelslike,mintemp,maxtemp,avgtemp,totalsnow,sunhour,blmn
Florida,18.53110048,0.124401914,60.25837321,9.966507177,1018.114833,28.93779904,17.06220096,8.641148325,16.23923445,17.55980861,16.37799043,14.36363636,18.53110048,16.59330144,0,7.513397129,18.34
Arizona,17.73333333,0,31.53333333,10,1019.066667,8.266666667,13.13333333,-3.933333333,12.66666667,7.133333333,12.66666667,8.733333333,17.73333333,13.06666667,0,8.7,18.34
South Carolina,12.875,0,67.29166667,10,1017.041667,21.70833333,9.666666667,3.75,8.583333333,12.91666667,8.583333333,7.083333333,12.875,10.16666667,0,8.2875,18.34
Georgia,12.03225806,0,65.93548387,10,1019.129032,9.225806452,7.35483871,1.096774194,5.322580645,15.32258065,5.322580645,3.741935484,12.03225806,7.870967742,0,8.7,18.34
Nevada,11.625,2.2375,46.25,9.5,1018,29.375,7.25,-5,6.25,11.375,6.25,2.375,11.625,8,1.225,7.4,18.34
Florida,18.73205742,0,55.48325359,10,1018.382775,0.669856459,15.47368421,6.282296651,15.07177033,18.44976077,15.07177033,12.44497608,18.73205742,15.86602871,0,8.7,19.05
South Carolina,13.33333333,0.008333333,66.54166667,9.958333333,1015.791667,23.125,9.333333333,3,7.75,17.20833333,7.75,6.291666667,13.33333333,9.833333333,0,8.3,19.05
Nevada,12.75,0.5,47.625,10,1021.125,9.875,7.625,-4.625,6.5,12.5,6.5,2.125,12.75,8.125,0,8.7,19.05
Georgia,11.80645161,0.070967742,68.70967742,9.64516129,1018.032258,28.51612903,8.677419355,2.64516129,6.774193548,16.74193548,6.774193548,6.193548387,11.80645161,9.064516129,0,7.732258065,19.05
Arizona,20.13333333,0,31.93333333,10,1017.933333,12.4,15.06666667,-2.2,14.86666667,7.2,14.86666667,10.93333333,20.13333333,15.8,0,8.7,19.05
Florida,18.55797101,0.002898551,57.80434783,10,1019.275362,14.44927536,14.97101449,6.391304348,14.22463768,17.84782609,14.22463768,11.80434783,18.55797101,15.25362319,0,8.560869565,20.31
South Carolina,10.09677419,0,66.38709677,10,1021.16129,25.74193548,6.741935484,0.774193548,5.225806452,14.25806452,5.225806452,4.483870968,10.09677419,7.322580645,0,7.858064516,20.31
Georgia,11.28205128,0,62.61538462,9.974358974,1021.769231,35.94871795,6.538461538,-0.666666667,5.461538462,9.384615385,5.461538462,2.897435897,11.28205128,7.179487179,0,7.779487179,20.31
Nevada,11.9,0,37.3,10,1021.7,32.7,7.3,-7.5,5.9,11.5,5.9,2.2,11.9,7.6,0,7.52,20.31
Arizona,18.04761905,0,28.61904762,10,1019.52381,23.52380952,13.9047619,-4.857142857,13,11.38095238,13,9.285714286,18.04761905,13.95238095,0,7.242857143,20.31
South Carolina,10.45833333,1.091666667,69.33333333,9.75,1021.125,43.66666667,6.875,1.5,5.333333333,14.95833333,5.333333333,3.75,10.45833333,7.5,0,7.95,20.56
Nevada,12.375,0,42.5,10,1021.875,38.75,7,-6.625,6,10.875,6,2.25,12.375,7.625,0,6.2,20.56
Georgia,8.806451613,8.035483871,69,9.161290323,1018.903226,67.06451613,6.161290323,0.838709677,3.741935484,19.58064516,3.741935484,3.935483871,8.806451613,6.612903226,0,6.480645161,20.56
Arizona,20.13333333,0,22.46666667,10,1018.133333,25.53333333,14.4,-7.266666667,14.26666667,6.933333333,14.26666667,10.6,20.13333333,15.53333333,0,8.7,20.56
Florida,20.79674797,1.148780488,63.80487805,9.943089431,1016.934959,58.37398374,18.11382114,10.49593496,17.2195122,23.18699187,17.2195122,14.71544715,20.79674797,18.28455285,0,5.806504065,20.56
South Carolina,7.75,27.45,89.875,7.291666667,1012.416667,94.79166667,6.75,5.5,3.666666667,26.125,3.666666667,4.333333333,7.75,6.666666667,0,3.770833333,20.675
Georgia,7.483870968,14.48709677,88,8,1012.83871,94.70967742,6.35483871,4.548387097,3.677419355,20.09677419,3.677419355,4.032258065,7.483870968,6.612903226,0,4.009677419,20.675
Nevada,12.75,0.1125,41.125,10,1020.25,25.125,7.875,-6.25,6.25,12.625,6.25,3,12.75,8.625,0,7.825,20.675
Florida,19.1300813,0.996747967,72.25203252,9.853658537,1013.829268,64.73170732,18.14634146,12.60162602,17.38211382,31.60162602,17.54471545,15.05691057,19.1300813,18.01626016,0,5.278861789,20.675
Arizona,18.8,0,22.86666667,10,1018.133333,41.26666667,14.4,-7,14.33333333,6.733333333,14.33333333,10.66666667,18.8,15.2,0,6.853333333,20.675
South Carolina,10.45833333,0.904166667,71.91666667,9.208333333,1026.125,65.66666667,7.208333333,2.5,6.208333333,11.91666667,6.208333333,4.833333333,10.45833333,7.958333333,0,4.266666667,20.5
Florida,20.58536585,0.312195122,67.84552846,9.869918699,1022.617886,33.74796748,17.13821138,10.62601626,16.17886179,17.36585366,16.17886179,12.69918699,20.58536585,17.56097561,0,8.026829268,20.5
Nevada,11.5,0,42.5,10,1025.125,5,6.75,-7.125,5.125,12.75,5.125,1.375,11.5,7.375,0,8.7,20.5
Georgia,9.774193548,1.364516129,77.25806452,9.548387097,1025.774194,73.29032258,6.419354839,2.612903226,5.387096774,9.032258065,5.387096774,3.903225806,9.774193548,7.129032258,0,4.532258065,20.5
Arizona,16.53333333,0,31.33333333,10,1022.466667,19.2,11.8,-5.066666667,10.13333333,13.66666667,10.13333333,7.533333333,16.53333333,11.66666667,0,8.7,20.5
Nevada,12,0,38.5,10,1025.75,25.75,6.5,-8.25,5.625,8.875,5.625,1.125,12,7,0,8.275,20.96
Arizona,16.46666667,0,25.33333333,10,1025.333333,1.4,11.06666667,-8.4,10,13.2,10,6.266666667,16.46666667,11.4,0,8.7,20.96
Georgia,12.29032258,0.116129032,77.64516129,8.935483871,1025.741935,26.32258065,7.258064516,3.161290323,6.064516129,9.612903226,6.064516129,3.290322581,12.29032258,8.032258065,0,8.277419355,20.96
Florida,22.31707317,0.030894309,74.43902439,9.93495935,1022.292683,47.17073171,19.95934959,14.34146341,18.98373984,12.50406504,19.51219512,16.39837398,22.31707317,19.77235772,0,7.419512195,20.96
South Carolina,13.375,0.170833333,79.41666667,9.333333333,1025,32.45833333,9.166666667,5.375,8.625,8.333333333,8.625,6.125,13.375,9.958333333,0,8.566666667,20.96
Georgia,11.25806452,0,72.93548387,9.193548387,1021.967742,19.03225806,6.774193548,1.548387097,5.225806452,11.87096774,5.225806452,3.290322581,11.25806452,7.258064516,0,8.7,20.67
Nevada,12.75,0,39.75,10,1025.375,11.125,7.625,-7.625,6.5,10.625,6.5,2.5,12.75,8.5,0,8.7,20.67
South Carolina,13.16666667,0,79.125,9.458333333,1021,17.54166667,9.333333333,5.625,8.666666667,10.875,8.666666667,6.125,13.16666667,9.958333333,0,8.633333333,20.67
Florida,19.93495935,0.685365854,75.16260163,9.422764228,1021.138211,44.43089431,17.48780488,12.2601626,16.57723577,14.32520325,16.96747967,14.60162602,19.93495935,17.35772358,0,7.945528455,20.67
Arizona,18,0,20.6,10,1023,8.8,12.53333333,-10.13333333,12.06666667,8.333333333,12.06666667,8.2,18,13.26666667,0,8.7,20.67
Florida,18.11382114,0.645528455,70.13821138,9.642276423,1018.414634,41.36585366,15.29268293,9.650406504,14.58536585,15.50406504,14.58536585,11.71544715,18.11382114,15.58536585,0,7.164227642,21.18
Arizona,22.46666667,0,22.8,10,1021.066667,0,16,-5.666666667,15.86666667,6.6,15.86666667,11.33333333,22.46666667,16.86666667,0,8.7,21.18
Georgia,11.4516129,0.006451613,66.58064516,9.870967742,1016.096774,8.064516129,6.193548387,-0.096774194,3.806451613,17.74193548,3.806451613,2.064516129,11.4516129,6.741935484,0,8.7,21.18
Nevada,16.75,0,43.875,10,1025.625,0.75,11,-2.625,9.875,13.875,9.875,5.25,16.75,11.625,0,8.7,21.18
South Carolina,12.375,0.108333333,65.79166667,9.875,1014.416667,14.625,8.458333333,2.041666667,6.5,19.54166667,6.5,5.125,12.375,8.791666667,0,8.7,21.18
Georgia,10.41935484,0.087096774,62,9.612903226,1009.677419,33.74193548,7.290322581,-0.516129032,4.806451613,21.25806452,4.806451613,5.129032258,10.41935484,7.806451613,0,8.54516129,21.49
Florida,20.37398374,0.208130081,67.73170732,9.886178862,1014.170732,33.08130081,17,10.41463415,16.32520325,19.41463415,16.32520325,13.27642276,20.37398374,17.30894309,0,7.820325203,21.49
South Carolina,12.375,0.475,69.41666667,10,1009.208333,30.375,9.083333333,3.375,6.625,26.83333333,6.625,6.541666667,12.375,9.791666667,0,7.7625,21.49
Nevada,16.875,0,34.625,10,1023.625,11,11.5,-6.125,10.75,12.5,10.75,5.5,16.875,12,0,8.7,21.49
Arizona,23.26666667,0,22.53333333,10,1020,0.133333333,16.93333333,-5,16.26666667,14.6,16.26666667,11.93333333,23.26666667,17.6,0,8.7,21.49
South Carolina,13,0,61.75,10,1024.833333,11.08333333,7.666666667,0.333333333,5.583333333,19.20833333,5.583333333,3.125,13,8.458333333,0,8.7,22.04
Florida,19.74796748,0,47.57723577,10,1025.609756,0.739837398,15.55284553,3.902439024,14.85365854,16.13821138,14.85365854,11.38211382,19.74796748,15.8699187,0,9.331707317,22.04
Arizona,20.13333333,0.046666667,24.66666667,9.933333333,1011.666667,61.66666667,16.06666667,-5.133333333,15.6,16.8,15.6,12.93333333,20.13333333,16.66666667,0.04,4.666666667,22.04
Georgia,13.19354839,0.003225806,62.90322581,10,1025.387097,20.48387097,7.677419355,0.483870968,6.387096774,12.5483871,6.387096774,3.225806452,13.19354839,8.35483871,0,8.822580645,22.04
Nevada,10.125,0,33.5,10,1018.875,11.375,6,-9.25,2.5,35.625,2.5,2,10.125,6.5,0,8.7,22.04
Nevada,11.125,0.125,42,10,1022,19.25,6.625,-6.125,5.125,12.875,5.125,1.75,11.125,7.125,0,8.2875,22.53
Georgia,11.58064516,0.022580645,62.96774194,9.903225806,1026.322581,48.87096774,8.548387097,1.451612903,6.612903226,18.03225806,6.612903226,6.193548387,11.58064516,8.838709677,0,8.341935484,22.53
South Carolina,13.54166667,0,60.375,10,1024.083333,17.16666667,9.875,1.75,7.916666667,21.04166667,7.916666667,7.041666667,13.54166667,10.33333333,0,8.7,22.53
Florida,20.08130081,0,55.98373984,10,1025.934959,5.869918699,16.91869919,7.504065041,16.4796748,17.01626016,16.4796748,14.00813008,20.08130081,17.22764228,0,9.43902439,22.53
Arizona,17.73333333,0.773333333,44.26666667,9.2,1018.8,62.06666667,14.73333333,1.933333333,13.8,20.66666667,13.8,12.6,17.73333333,14.6,0.066666667,5.206666667,22.53
Florida,21.45528455,0,60.39837398,10,1021.252033,9.487804878,18.04065041,9.715447154,17.59349593,13.19512195,17.66666667,14.48780488,21.45528455,18.22764228,0,9.474796748,22.31
Nevada,13.625,0.4,52.875,9.875,1016.25,24,8.625,-1.375,8.125,8.25,8.125,3.375,13.625,9.5,0,7.875,22.31
Arizona,17.6,5.62,63,8.666666667,1015.933333,49.66666667,14,7.133333333,13,16.33333333,13,10.33333333,17.6,14.4,0,7.613333333,22.31
Georgia,11.67741935,3.264516129,75.12903226,8.096774194,1018.354839,78.61290323,8.35483871,4.193548387,6.516129032,17.67741935,6.516129032,5.451612903,11.67741935,8.870967742,0,4.506451613,22.31
South Carolina,10.91666667,0.4375,66.375,8.75,1017.25,62.66666667,8.083333333,2.291666667,5.833333333,22.66666667,5.833333333,5.125,10.91666667,8.375,0,4.7625,22.31
Arizona,17.33333333,0.086666667,59.53333333,9.866666667,1015,38.93333333,13.93333333,5.4,13.26666667,15.46666667,13.26666667,10.93333333,17.33333333,14.4,0.02,7.193333333,22.15
Georgia,10.70967742,9.406451613,88.03225806,6.612903226,1013.967742,80.80645161,9.903225806,8.096774194,8.806451613,12.67741935,8.806451613,7.096774194,10.70967742,9.935483871,0,4.35483871,22.15
Nevada,12,0.35,53,9.75,1010.5,22.125,7.875,-2,5.875,29,5.875,3.875,12,8.625,0.15,7.275,22.15
South Carolina,13,4.895833333,85.79166667,7.583333333,1013.208333,74.79166667,11.25,8.875,10.45833333,13.16666667,10.45833333,7.541666667,13,11.66666667,0,5.566666667,22.15
Florida,22.32520325,0.060162602,70.31707317,9.902439024,1016.317073,20.91056911,19.64227642,13.40650407,18.95121951,17.55284553,19.23577236,16.17073171,22.32520325,19.66666667,0,8.86097561,22.15
Arizona,8.8,16.07333333,66.46666667,8.6,1009.8,82.93333333,6.866666667,1.066666667,3,33.46666667,3,-1.066666667,8.8,6.466666667,0.713333333,4.366666667,22.01
Nevada,2.75,8.1125,71.875,7.25,1003.75,80.125,1.625,-3.125,-1.5,20.375,-1.5,0,2.75,1.5,2.9375,4.1,22.01
Georgia,17.96774194,2.012903226,89.09677419,7.193548387,1014.741935,92.93548387,13.58064516,11.77419355,12.80645161,18.5483871,12.80645161,9.129032258,17.96774194,14.4516129,0,5.122580645,22.01
Florida,24.19512195,0.432520325,80.91056911,8.861788618,1017.138211,58.73170732,22.21138211,17.71544715,21.17886179,24.67479675,21.92682927,18.60162602,24.19512195,21.92682927,0,6.801626016,22.01
South Carolina,15.79166667,4.633333333,89.66666667,7.958333333,1016.333333,90.375,12.54166667,11.125,11.75,19.08333333,11.75,6.833333333,15.79166667,13.29166667,0,3.825,22.01
Arizona,8.533333333,4.233333333,56,9.266666667,1013.2,57.8,5.866666667,-2.733333333,1.866666667,24.26666667,1.866666667,1.666666667,8.533333333,6.066666667,1.053333333,6.026666667,21.28
Florida,25.27642276,0.515447154,79.98373984,9.455284553,1016.430894,33.36585366,23.25203252,18.30081301,22.08130081,22.37398374,22.98373984,19.70731707,25.27642276,22.71544715,0,9.882926829,21.28
Nevada,3.75,0.3,67.25,9.125,1011.25,45.875,0.625,-5,-1.125,10.875,-1.125,-2.75,3.75,1,0,8.0625,21.28
South Carolina,21.54166667,3.941666667,86.58333333,9.625,1012.083333,70.625,18.58333333,15.79166667,17.75,28.66666667,17.75,12.66666667,21.54166667,19,0,5.525,21.28
Georgia,21.25806452,12.86129032,82.74193548,8.677419355,1011.645161,75.83870968,18.48387097,15.06451613,18.09677419,20.41935484,18.12903226,13.61290323,21.25806452,19.19354839,0,6.535483871,21.28
South Carolina,15.375,21.625,84,7.5,1013.041667,80.75,14,11.33333333,13.125,18.70833333,13.125,9.541666667,15.375,13.66666667,0,4.058333333,20.02
Georgia,15.48387097,8.164516129,68.61290323,8.548387097,1014.258065,74.12903226,14.29032258,7.870967742,13.4516129,16.38709677,13.4516129,10.29032258,15.48387097,14.38709677,0,5.696774194,20.02
Florida,25.46341463,0.715447154,81.29268293,8.487804878,1017.065041,45.03252033,23.40650407,18.52845528,22.17073171,23.76422764,23.02439024,19.47154472,25.46341463,22.75609756,0,8.526829268,20.02
Nevada,5.75,10.7875,66.5,8.5,1017.875,61.875,2.375,-3.25,-0.75,19.375,-0.75,-2.625,5.75,3.125,9.1625,7.05,20.02
Arizona,11.26666667,0,50.4,10,1023.933333,7.466666667,6.733333333,-3.066666667,4.333333333,17.53333333,4.333333333,2.2,11.26666667,7,0,8.7,20.02
Arizona,14.6,0,40.93333333,10,1018.933333,73.66666667,9.733333333,-2.933333333,8.066666667,17.86666667,8.066666667,6.2,14.6,10.46666667,0,4.966666667,21.045
Georgia,8.322580645,0.067741935,56.90322581,9.838709677,1026.677419,18.4516129,5.451612903,-3.483870968,1.612903226,27.16129032,1.612903226,2.064516129,8.322580645,5.129032258,0.003225806,10.50967742,21.045
Florida,17.43089431,0.095934959,59.90243902,9.93495935,1022.146341,21.54471545,16.86178862,8.089430894,15.46341463,33.21138211,15.46341463,12.54471545,17.43089431,15.62601626,0,10.52276423,21.045
South Carolina,8.833333333,2.295833333,61.75,9.625,1021.708333,28.58333333,7.166666667,-0.208333333,3.541666667,29.54166667,3.541666667,4.125,8.833333333,6.583333333,0.15,7.7,21.045
Nevada,8.625,12.925,56,8.125,1014.125,69,5.125,-4.125,3.5,11.5,3.5,0.75,8.625,5.5,10.9875,7.05,21.045
Georgia,11.5483871,0,47.93548387,10,1028.290323,16.22580645,5.516129032,-5.548387097,4.290322581,8.290322581,4.290322581,0.580645161,11.5483871,6.451612903,0,10.51290323,21.07
Nevada,7.625,3.2375,59.75,8.25,1011,61.25,5,-3,2.625,20.125,2.625,2.625,7.625,5.25,1.375,6.1375,21.07
South Carolina,8.791666667,0,50.83333333,10,1028.458333,15.08333333,4,-5.583333333,1.916666667,12.95833333,1.916666667,0,8.791666667,4.666666667,0,8.3,21.07
Florida,17.5203252,0.167479675,59.30081301,9.983739837,1025.455285,30.09756098,13.96747967,6.040650407,13.04065041,23.52845528,13.04065041,10.75609756,17.5203252,14.53658537,0,9.130894309,21.07
Arizona,13.33333333,7.253333333,52.53333333,9.266666667,1013.933333,53.06666667,10.86666667,0.866666667,8.866666667,26.06666667,8.866666667,5,13.33333333,11,0.133333333,6.46,21.07
Florida,18,2.417886179,70.54471545,9.829268293,1012.357724,59.66666667,16.7398374,10.92682927,15.48780488,37.79674797,15.48780488,12.68292683,18,16.14634146,0,8.14796748,21.54
Arizona,18.86666667,0,35.26666667,10,1019.333333,33.33333333,14.46666667,-1.266666667,13.26666667,14.26666667,13.26666667,9.933333333,18.86666667,14.8,0,9.54,21.54
Nevada,11.25,0,44.375,10,1020.375,36.875,7.5,-5,6.625,10,6.625,4.125,11.25,8.125,0,8.35,21.54
Georgia,6.677419355,1.138709677,73.03225806,9.612903226,1011.419355,73.93548387,6.129032258,1.322580645,2.032258065,29.5483871,2.032258065,2.935483871,6.677419355,5.612903226,0.019354839,6.009677419,21.54
South Carolina,10.91666667,9.516666667,83.20833333,7,1006.083333,83.83333333,8.958333333,6.125,6.875,21.70833333,6.875,5.208333333,10.91666667,8.875,0,4.945833333,21.54
Nevada,13.25,0.825,47.75,9.625,1017.75,20.5,8.5,-3.375,7.375,8.375,7.375,3.625,13.25,9.125,0.1375,7.725,21.99
Florida,12.72357724,0.128455285,57.97560976,9.991869919,1015.577236,33.32520325,10.17886179,1.975609756,7.040650407,35.35772358,7.040650407,7.666666667,12.72357724,10.24390244,0,9.984552846,21.99
South Carolina,9.208333333,0.475,62.58333333,9.583333333,1010.666667,32.83333333,5.166666667,-2,1.541666667,26.04166667,1.541666667,1.291666667,9.208333333,5.333333333,0.0125,9.208333333,21.99
Georgia,7.419354839,0.016129032,57.96774194,9.935483871,1016.16129,20.96774194,3.096774194,-4.967741935,-1.580645161,29.5483871,-1.580645161,-0.419354839,7.419354839,3.451612903,0.009677419,10.65483871,21.99
Arizona,21.8,0,37.66666667,10,1017.333333,20.73333333,17.33333333,2,16.93333333,8.466666667,16.93333333,13.8,21.8,17.66666667,0,10.38,21.99
Florida,14.33333333,0,49.47154472,10,1018.788618,0.528455285,10.3495935,-0.146341463,8.211382114,25.55284553,8.211382114,6.699186992,14.33333333,10.82113821,0,10.86910569,22.16
South Carolina,8.958333333,0.091666667,49.04166667,9.833333333,1015.166667,6.041666667,4.375,-6.166666667,0.833333333,22.08333333,0.833333333,0.041666667,8.958333333,4.791666667,0.025,9.225,22.16
Georgia,8.225806452,0,53.06451613,10,1018.935484,2.870967742,2.870967742,-6.741935484,-0.903225806,21,-0.903225806,-1.580645161,8.225806452,3.451612903,0,10.80322581,22.16
Nevada,13.625,0.3125,47,9.5,1014.5,12.75,9.375,-2.375,8.125,22.5,8.125,5.75,13.625,10,0.2125,8.95,22.16
Arizona,21.46666667,0,40.6,10,1014.666667,15.4,18.06666667,3.6,17.66666667,14.33333333,17.66666667,15,21.46666667,18.26666667,0,10.32666667,22.16
Nevada,10.375,0.1,35.75,9.875,1022.5,8.75,7.125,-8.5,5,21.25,5,3.875,10.375,7.5,0,8.9625,22.74
Georgia,9.322580645,0.067741935,55.61290323,9.967741935,1017.193548,54.93548387,4.967741935,-3.322580645,3.516129032,13.06451613,3.516129032,1.129032258,9.322580645,5.612903226,0,8.274193548,22.74
Arizona,19.53333333,0,39.13333333,10,1016,4.8,16.2,1.133333333,15.53333333,12.73333333,15.53333333,12.93333333,19.53333333,16.33333333,0,10.66,22.74
Florida,17.84552846,0.010569106,45.03252033,10,1019.780488,10.88617886,13.31707317,1.105691057,12.56097561,14.74796748,12.56097561,8.853658537,17.84552846,13.83739837,0,10.85447154,22.74
South Carolina,10.04166667,0.025,54.33333333,9.958333333,1017.708333,32.54166667,5.541666667,-3.416666667,4,13.70833333,4,1.208333333,10.04166667,6.083333333,0,8.916666667,22.74
Georgia,11,9.419354839,68.32258065,8.935483871,1011.129032,60.70967742,9,2.935483871,6.516129032,22.74193548,6.516129032,5.193548387,11,8.903225806,0,8.535483871,23.35
Nevada,14.375,0,32.125,10,1020.375,0.625,8.5,-7.875,7.75,9.875,7.75,2.875,14.375,9.375,0,8.9625,23.35
Florida,22.08943089,0.769918699,66.64227642,9.926829268,1015.520325,30.43089431,18.01626016,11.05691057,17.01626016,25.80487805,17.08943089,12.91869919,22.08943089,18.40650407,0,9.781300813,23.35
Arizona,18.26666667,0,31.4,10,1016,0.133333333,14.33333333,-3,14.06666667,9.533333333,14.06666667,10.53333333,18.26666667,14.73333333,0,10.67333333,23.35
South Carolina,12.91666667,7.629166667,71.16666667,9,1010.458333,71.54166667,10.375,5,8.291666667,28.375,8.291666667,6.291666667,12.91666667,11.54166667,0,5.529166667,23.35
Nevada,16.375,0.025,28.375,10,1012.5,21.75,11.375,-8,10.375,9.25,10.375,5.75,16.375,11.75,0,8.1875,23.28
Arizona,20.73333333,0,26.46666667,10,1013.933333,12.2,16.46666667,-3.333333333,16.13333333,9.133333333,16.13333333,12.33333333,20.73333333,16.53333333,0,10.89333333,23.28
South Carolina,11.95833333,0,79.08333333,9.5,1024.083333,33.95833333,7.833333333,4.041666667,5.625,17.625,5.625,3.75,11.95833333,8.125,0,8.933333333,23.28
Florida,24.01626016,2.393495935,79.91056911,9.650406504,1018.382114,63.24390244,21.78861789,17.15447154,20.62601626,18.19512195,21.30894309,18.04878049,24.01626016,21.21138211,0,6.781300813,23.28
Georgia,13.09677419,0,78.03225806,9.193548387,1022.645161,29.25806452,8.129032258,4.225806452,6.258064516,16.22580645,6.258064516,4,13.09677419,8.838709677,0,10.63870968,23.28
South Carolina,16.625,0.1625,81.58333333,9.541666667,1022.791667,73.91666667,12.375,9,11.75,12.04166667,11.75,8.458333333,16.625,13.125,0,7.016666667,23.41
Georgia,16.61290323,0.070967742,77.58064516,9.903225806,1022.387097,72.80645161,11.61290323,7.612903226,10.83870968,9.677419355,10.83870968,7.548387097,16.61290323,12.41935484,0,8.029032258,23.41
Arizona,20.4,0,25.6,10,1014.733333,38.86666667,16.13333333,-4,15.53333333,10.86666667,15.53333333,12.2,20.4,16.4,0,9.26,23.41
Florida,25.16260163,1.795934959,82.37398374,8.552845528,1019.99187,44.87804878,23.27642276,18.89430894,21.97560976,13.90243902,23.06504065,19.03252033,25.16260163,22.68292683,0,9.572357724,23.41
Nevada,15.625,0,36.25,10,1013.125,40.5,11,-4.75,10.5,10.875,10.5,6.875,15.625,11.625,0,8.0125,23.41
Arizona,19.8,0.066666667,28.86666667,9.933333333,1013,26.86666667,16.26666667,-2.4,16.06666667,9.533333333,16.06666667,13.13333333,19.8,16.53333333,0.06,10.33333333,23.65
Nevada,15.5,0,41.375,10,1014.625,35.375,10.375,-3.5,9.875,4.75,9.875,5.875,15.5,11.25,0,8.225,23.65
South Carolina,12.625,1.454166667,86.58333333,8.958333333,1023.125,59.41666667,11.16666667,9,9.958333333,17.04166667,9.958333333,9.416666667,12.625,11.125,0,6.320833333,23.65
Georgia,13.19354839,1.722580645,84.32258065,8.612903226,1021.903226,83.51612903,12.06451613,9.548387097,11.32258065,12.38709677,11.32258065,10.87096774,13.19354839,12.22580645,0,5.574193548,23.65
Florida,25.74796748,0.744715447,79.57723577,9.260162602,1019.96748,34.88617886,23.49593496,18.42276423,22.30081301,17.13821138,23.33333333,19.82113821,25.74796748,22.89430894,0,9.82601626,23.65
Nevada,16.75,0.125,44.625,10,1015.125,27,12,-0.75,11.375,13.75,11.375,7.5,16.75,12.75,0,7.7,23.41
Arizona,20.73333333,0,34.4,10,1015,4.866666667,16.46666667,0.266666667,16.26666667,7.866666667,16.26666667,12.8,20.73333333,16.86666667,0,10.91333333,23.41
Florida,25.6097561,0.441463415,76.90243902,9.414634146,1017.626016,38.38211382,23.56097561,17.71544715,22.3902439,19.83739837,23.40650407,19.98373984,25.6097561,22.98373984,0,10.25853659,23.41
Georgia,14.83870968,27.91290323,93.74193548,6.129032258,1018.096774,78.61290323,12.80645161,11.80645161,12.22580645,11.12903226,12.22580645,10.25806452,14.83870968,12.96774194,0,5.74516129,23.41
South Carolina,15,9.1625,92.04166667,5.875,1019.291667,89.95833333,12.83333333,11.5,12.45833333,10.54166667,12.45833333,11.20833333,15,13.25,0,5.395833333,23.41
Florida,25.32520325,3.524390244,79.48780488,9.62601626,1015.382114,48.88617886,23.53658537,18.42276423,22.30894309,18.28455285,23.32520325,20.24390244,25.32520325,22.94308943,0,9.37804878,22.76
South Carolina,11.58333333,12.05,91.91666667,8,1017.666667,98.375,11.16666667,9.958333333,9.583333333,19.33333333,9.583333333,9.125,11.58333333,10.79166667,0,5.1875,22.76
Georgia,14.19354839,5.903225806,89.64516129,7.387096774,1016.903226,93.09677419,12.77419355,11.22580645,12.25806452,10.32258065,12.25806452,11.06451613,14.19354839,12.90322581,0,5.5,22.76
Nevada,13.25,4.5625,57,9.375,1010.375,48.625,10.125,1.25,9.25,15.125,9.25,6.75,13.25,10.125,0.525,5.6,22.76
Arizona,20.46666667,0,34.06666667,10,1009.866667,21.6,16.6,0.2,16.33333333,15.33333333,16.33333333,13.4,20.46666667,17.2,0,10.66,22.76
South Carolina,13.79166667,10.32083333,76.66666667,9.458333333,1011.875,45.54166667,12,8,10.16666667,31.04166667,10.16666667,7.791666667,13.79166667,12.04166667,0,10.3125,22.65
Nevada,11.5,0.225,43.875,10,1012.125,22.75,8.5,-4.625,6.5,25.5,6.5,5.875,11.5,9.125,0,8.425,22.65
Georgia,6.838709677,5.074193548,71.12903226,9.516129032,1015.096774,52.74193548,5.193548387,0.193548387,2.064516129,20.29032258,2.064516129,2.451612903,6.838709677,4.64516129,0,9.693548387,22.65
Arizona,13.06666667,0.766666667,42.26666667,9.866666667,1009.933333,50.8,10.86666667,-1.4,9.333333333,15.4,9.333333333,4.733333333,13.06666667,11.13333333,0.446666667,7.146666667,22.65
Florida,22.67479675,3.308943089,72.99186992,9.869918699,1016.300813,58.81300813,22.11382114,15.60162602,20.64227642,25.1300813,21.47154472,18.29268293,22.67479675,20.87804878,0,8.271544715,22.65
Nevada,10.375,0,31.75,10,1018.75,2.625,6.5,-10.25,3.75,26.25,3.75,2.25,10.375,7,0,8.9875,22.465
Florida,23.86178862,3.677235772,68.88617886,9.837398374,1018.910569,52.74796748,20.57723577,13.67479675,19.16260163,21.67479675,19.7804878,15.70731707,23.86178862,20.49593496,0,7.991056911,22.465
Georgia,10.12903226,0.696774194,50.16129032,9.967741935,1022.774194,34.51612903,3.870967742,-5.870967742,1.677419355,12.74193548,1.677419355,-1,10.12903226,5.096774194,0,10.32258065,22.465
Arizona,14.93333333,0.04,27.2,10,1012.933333,2.6,12.2,-7.6,11.26666667,19.26666667,11.26666667,9.2,14.93333333,12.4,0,11.08,22.465
South Carolina,9.833333333,0.033333333,59.79166667,9.875,1023.375,24.29166667,5.541666667,-1.75,3.458333333,15.08333333,3.458333333,1.708333333,9.833333333,6.041666667,0,10.70416667,22.465
Arizona,16,0.013333333,25.6,10,1023.4,0.933333333,10.73333333,-9.2,9.266666667,16.33333333,9.266666667,6.4,16,11.33333333,0,11.09333333,24.16
Nevada,11.75,0.0375,28.25,10,1026.625,9.625,6.625,-11.5,5.375,16,5.375,1.5,11.75,7.5,0,8.9875,24.16
Georgia,11.90322581,36.46129032,91.70967742,7.193548387,1016.129032,92.96774194,8.419354839,7.161290323,6.290322581,21.09677419,6.290322581,4.548387097,11.90322581,9.35483871,0,5.561290323,24.16
South Carolina,14.25,23.35416667,92.54166667,7.916666667,1016.416667,92.41666667,11.20833333,10.08333333,9.458333333,28.95833333,9.458333333,5.666666667,14.25,12,0,5.675,24.16
Florida,26.27642276,2.417886179,79.95121951,9.650406504,1016.943089,41.8699187,24.60162602,19.35772358,23.07317073,32.31707317,24.50406504,19.79674797,26.27642276,24.01626016,0,9.598373984,24.16
Florida,23.61788618,3.817886179,77.62601626,9.601626016,1018.04878,57.70731707,21.73170732,16.27642276,20.21138211,30.42276423,20.95934959,17.03252033,23.61788618,20.89430894,0,7.407317073,24.84
South Carolina,10.58333333,9.4,88.79166667,7.625,1017.083333,80.83333333,8.666666667,6.958333333,6.916666667,16.83333333,6.916666667,4.333333333,10.58333333,8.666666667,0,6.45,24.84
Georgia,8.64516129,5.216129032,76.19354839,9.064516129,1020.741935,45.5483871,6,1.548387097,2.870967742,20.51612903,2.870967742,2.903225806,8.64516129,5.709677419,0,9.967741935,24.84
Nevada,13.125,0,31.25,10,1023.75,12.75,8,-10.75,7.375,7.625,7.375,2.875,13.125,8.5,0,9,24.84
Arizona,19.8,0,21.4,10,1022.933333,1.266666667,13.86666667,-8.6,13.26666667,9.533333333,13.26666667,8.8,19.8,14.26666667,0,11.1,24.84
South Carolina,15.625,3.7125,81.625,8.875,1021.333333,73.875,10.70833333,7.458333333,9.333333333,21.45833333,9.333333333,5.583333333,15.625,11.875,0,7.145833333,26
Florida,24.14634146,3.961788618,78.1300813,9.682926829,1020.617886,60.95934959,21.17073171,16.20325203,20.04878049,27.40650407,20.66666667,16.43902439,24.14634146,21.06504065,0,7.590243902,26
Georgia,14.22580645,4.609677419,80.4516129,9,1020.903226,79.87096774,10.93548387,7.193548387,9.032258065,20.67741935,9.032258065,7.419354839,14.22580645,11.41935484,0,6.380645161,26
Arizona,21.73333333,0,19.86666667,10,1022.133333,0,15.73333333,-8.066666667,14.8,11.73333333,14.8,10.73333333,21.73333333,16.13333333,0,11.22666667,26
Nevada,15,0,34.25,10,1025.875,1,10,-6.375,8.625,14.875,8.625,4.75,15,10.25,0,9,26
Arizona,21.8,0,23.66666667,10,1015.066667,3.466666667,17.46666667,-4.466666667,17.2,10.33333333,17.2,12.33333333,21.8,17.8,0,11.04666667,25.55
Florida,20.70731707,2.219512195,65.67479675,9.902439024,1018.276423,17.86178862,18.91869919,11.1300813,18.14634146,22.67479675,18.48780488,15.73170732,20.70731707,18.28455285,0,11.37723577,25.55
Nevada,15.875,0,31.125,10,1018,14,11.375,-6.625,10.25,14.5,10.25,6.375,15.875,11.625,0,9,25.55
Georgia,15.48387097,0.006451613,64.25806452,9.838709677,1019,0.64516129,9.548387097,2.258064516,7.774193548,17.96774194,7.774193548,4.161290323,15.48387097,10,0,11.22258065,25.55
South Carolina,15.58333333,0.070833333,70.16666667,9.416666667,1016.541667,6.375,10.54166667,4.333333333,9.166666667,15.375,9.166666667,5.583333333,15.58333333,10.70833333,0,11.40416667,25.55
South Carolina,18,0,66.95833333,9.958333333,1020.125,4.208333333,13.125,6.083333333,12.33333333,16.79166667,12.33333333,7.958333333,18,13.54166667,0,11.45,26.51
Arizona,22.2,0,23.2,10,1015.933333,2.266666667,17.73333333,-3.933333333,17.2,9.866666667,17.2,13.13333333,22.2,18.06666667,0,11.25333333,26.51
Florida,23.91056911,1.141463415,64.79674797,9.991869919,1020.528455,33.80487805,20.99186992,12.95121951,20.09756098,16.33333333,20.62601626,17.01626016,23.91056911,20.82926829,0,9.580487805,26.51
Georgia,18.87096774,0,61.70967742,10,1020.612903,2.290322581,13.5483871,5.258064516,13.06451613,11.74193548,13.06451613,8.483870968,18.87096774,14.29032258,0,11.22580645,26.51
Nevada,16.5,0,25.875,10,1018.375,6.375,12,-8.75,11,15.75,11,6.875,16.5,12.625,0,9.0125,26.51
Georgia,20.03225806,0.003225806,62.12903226,10,1020.258065,23.80645161,15.22580645,6.967741935,14.48387097,13.19354839,14.48387097,10.32258065,20.03225806,15.67741935,0,10.92903226,25.04
Nevada,12,0,24.25,10,1025,6.125,7.375,-13,4.875,25.625,4.875,2.875,12,7.5,0,8.6375,25.04
Florida,24.86178862,1.677235772,70.42276423,9.853658537,1020.585366,31.11382114,22.26829268,15.17886179,21.27642276,14.65853659,22.00813008,18.55284553,24.86178862,21.88617886,0,10.18292683,25.04
South Carolina,19.5,0.004166667,64.70833333,10,1019.875,18.08333333,14.625,7.25,13.625,16.54166667,13.625,9.958333333,19.5,15.20833333,0,11.23333333,25.04
Arizona,20.6,0,21.73333333,10,1017.333333,0.2,16.6,-6.2,15.93333333,11.2,15.93333333,12.53333333,20.6,16.53333333,0,11.28,25.04
South Carolina,13.20833333,19.03333333,81.79166667,8.75,1023.125,80.16666667,11.25,8.125,9.208333333,26.125,9.208333333,6.666666667,13.20833333,11.125,0,6.345833333,24.84
Florida,25.55284553,0.133333333,64.7398374,9.959349593,1020.03252,19.17073171,22.75609756,14.33333333,21.69918699,15.85365854,22.35772358,18.44715447,25.55284553,22.40650407,0,10.98617886,24.84
Nevada,15.375,0,21.25,10,1017.5,2.5,9.625,-13.375,8.875,9.625,8.875,4,15.375,10.375,0,9.0125,24.84
Georgia,12.80645161,37.79354839,82.25806452,7.870967742,1021.032258,81.61290323,11.41935484,8.225806452,9.741935484,19.51612903,9.741935484,8.419354839,12.80645161,11.12903226,0,6.170967742,24.84
Arizona,19.53333333,0,21.53333333,10,1014.933333,13.46666667,14.8,-7.133333333,13.93333333,7.533333333,13.93333333,10,19.53333333,14.86666667,0,10.15333333,24.84
Florida,26.82258065,0.537096774,76.24193548,9.741935484,1018.887097,43.5,25.32258065,19.17741935,23.74193548,23.44354839,25.30645161,21.52419355,26.82258065,24.37903226,0,9.958064516,25.9
Nevada,13,0,23.5,10,1023.25,2.625,7.875,-13.375,6.625,10,6.625,2.375,13,8.5,0,9.025,25.9
Arizona,17.73333333,0,17.4,10,1023.2,0,11.73333333,-12.4,9.733333333,21.8,9.733333333,6.6,17.73333333,12.2,0,11.6,25.9
Georgia,18.61290323,5.012903226,80.38709677,8.483870968,1017.322581,77.80645161,16.41935484,12.61290323,15.67741935,22.61290323,15.70967742,12.06451613,18.61290323,16.25806452,0,6.012903226,25.9
South Carolina,20.41666667,4.191666667,81.16666667,9.5,1016,58.79166667,18.125,14.33333333,17.66666667,28.5,17.66666667,14.25,20.41666667,18.25,0,8,25.9
Nevada,16.25,0,24,10,1019.25,20.375,10.75,-11.25,10.375,9,10.375,4.875,16.25,11.25,0,7.5625,25.89
Georgia,10.12903226,16.1483871,74.09677419,8.451612903,1023,72.12903226,8.741935484,4.161290323,6.741935484,17.12903226,6.741935484,5.935483871,10.12903226,8.709677419,0,7.44516129,25.89
Florida,24.44354839,2.405645161,78.05645161,9.629032258,1018.08871,56.75806452,23.87903226,18.34677419,22.36290323,17.68548387,23.66935484,20.46774194,24.44354839,22.69354839,0,7.84516129,25.89
Arizona,20.86666667,0,22.46666667,10,1018.2,7.4,15.13333333,-6.733333333,13.93333333,17.33333333,13.93333333,10.06666667,20.86666667,15.4,0,11.32,25.89
South Carolina,10.375,5.804166667,61.875,9.208333333,1023.875,60.41666667,9.083333333,1.791666667,7,19.54166667,7,6.5,10.375,8.75,0,9.279166667,25.89
Arizona,24.53333333,0.16,22.93333333,9.933333333,1012.2,10.13333333,18.13333333,-4.6,17.66666667,26.46666667,17.66666667,12.93333333,24.53333333,19.13333333,0.086666667,11.32,26.1
Georgia,14.90322581,23.79032258,79.4516129,8.709677419,1017.516129,66.58064516,9.870967742,6.322580645,8.580645161,14.74193548,8.580645161,5.677419355,14.90322581,10.96774194,0,9.138709677,26.1
South Carolina,13.58333333,39.40833333,84.83333333,7.916666667,1016.541667,67.08333333,9.416666667,6.958333333,7.583333333,19.625,7.583333333,5.875,13.58333333,10.08333333,0,8.179166667,26.1
Nevada,17.375,0,23,10,1009.25,22.875,11.75,-10.375,11.25,15.75,11.25,6.5,17.375,12.375,0,9.025,26.1
Florida,24.53225806,2.435483871,75.69354839,9.758064516,1014.959677,42.87903226,22.77419355,16.85483871,21.60483871,26.58064516,22.31451613,18.62096774,24.53225806,22.30645161,0,9.451612903,26.1
Nevada,16.375,0,42.375,10,1019.375,9.875,10.875,-2.5,9.5,11.25,9.5,5.25,16.375,11.25,0,8.65,25.79
Arizona,17.93333333,1.34,46.8,9.866666667,1020.533333,29.33333333,13.66666667,2.333333333,12.33333333,14.73333333,12.33333333,9.933333333,17.93333333,14,0.46,11.40666667,25.79
South Carolina,17.875,0,64.54166667,10,1017.75,2.125,12.66666667,5.041666667,11.75,12.70833333,11.75,7.5,17.875,13.16666667,0,11.6,25.79
Florida,22,0.259677419,69.7016129,9.951612903,1016.532258,29.95967742,19.17741935,12.47580645,18.37096774,20.76612903,18.62903226,15.48387097,22,18.98387097,0,10.86532258,25.79
Georgia,18.70967742,0,60.19354839,10,1018.903226,0.290322581,12.4516129,3.870967742,11.29032258,15.58064516,11.29032258,6.838709677,18.70967742,13.22580645,0,11.40967742,25.79
Arizona,25.2,0,33.6,10,1019.266667,8.4,17.73333333,0.266666667,17.4,12,17.4,11.8,25.2,18.86666667,0,11.6,27.01
Nevada,19.5,0,35.75,10,1019.5,0.625,13.125,-3.375,12.5,8.5,12.5,7.125,19.5,13.75,0,9.0375,27.01
Georgia,17.93548387,0.051612903,54.09677419,10,1019.451613,30.64516129,12.80645161,2.967741935,12.22580645,11.4516129,12.22580645,8.677419355,17.93548387,13.35483871,0,10.21935484,27.01
South Carolina,14.66666667,0,53.125,10,1019.875,17.95833333,10.95833333,1.041666667,9.791666667,14.25,9.791666667,6.875,14.66666667,10.95833333,0,11.425,27.01
Florida,22.92741935,0.833064516,63.01612903,10,1016.040323,30.69354839,19.87096774,11.61290323,19.04032258,23.05645161,19.27419355,15.89516129,22.92741935,19.81451613,0,9.737903226,27.01
Arizona,24.13333333,0,20.26666667,10,1016.066667,21.33333333,20.4,-3.6,20.13333333,16.33333333,20,16.73333333,24.13333333,20.93333333,0,11.22666667,27.21
Georgia,18.48387097,0,48.58064516,10,1033.064516,0.967741935,11.77419355,-0.516129032,10.96774194,9.548387097,10.96774194,5.290322581,18.48387097,12.51612903,0,11.58709677,27.21
Florida,19.2983871,0.131451613,55.82258065,10,1029.830645,21.00806452,15.65322581,6.637096774,14.85483871,32.15322581,14.85483871,12.43548387,19.2983871,16.22580645,0,10.33548387,27.21
South Carolina,14.91666667,0,45.375,10,1033,1.583333333,9.291666667,-2.875,8.125,11.54166667,8.125,3.375,14.91666667,9.833333333,0,11.6,27.21
Nevada,15.875,0,32.625,10,1014.375,5.375,11.75,-5.375,10.125,31.125,10.125,7.5,15.875,12.125,0,9.4,27.21
Nevada,12.5,1.025,34.75,9.625,1014.625,16,8.5,-7.375,6.625,26.875,6.625,4.875,12.5,8.75,0.775,10.475,26.1
Arizona,21.53333333,0,24.86666667,10,1015.866667,18.46666667,17.73333333,-3.2,17.4,22.46666667,17.4,14.86666667,21.53333333,18.46666667,0,11.41333333,26.1
Georgia,17.80645161,0,45.87096774,10,1033.935484,43.16129032,12.74193548,0.161290323,12.16129032,8.612903226,12.16129032,7.161290323,17.80645161,13,0,7.883870968,26.1
South Carolina,16.41666667,0,52.04166667,10,1034.166667,38.41666667,11.08333333,0.791666667,10.29166667,12.20833333,10.29166667,5.625,16.41666667,11.79166667,0,8.9375,26.1
Florida,20.83870968,0.371774194,63.13709677,9.991935484,1030.66129,30.16129032,17.5483871,9.919354839,16.68548387,29.91935484,16.68548387,13.93548387,20.83870968,17.86290323,0,10.64758065,26.1
South Carolina,18.125,0,56.125,10,1031.708333,15.625,13.29166667,3.791666667,12.66666667,13.75,12.66666667,8.416666667,18.125,13.95833333,0,11.36666667,27.18
Nevada,8.625,1.275,45.875,9,1013,39.5,6,-4.875,3.25,25.625,3.25,2.125,8.625,6.25,0.95,8.6,27.18
Arizona,15.8,0.08,32.06666667,9.933333333,1015.866667,7.933333333,12.26666667,-4.266666667,10.8,23,10.8,8.266666667,15.8,12.06666667,0,11.22666667,27.18
Georgia,19.32258065,0,52.12903226,10,1031.032258,19.74193548,13.96774194,3.419354839,13.4516129,12.22580645,13.4516129,8.516129032,19.32258065,14.48387097,0,10.56129032,27.18
Florida,22.12096774,0.292741935,64.65322581,9.983870968,1028.572581,28.04032258,19.17741935,11.44354839,18.2983871,29.67741935,18.2983871,15.60483871,22.12096774,19.27419355,0,10.67096774,27.18
South Carolina,19.66666667,0,64.83333333,10,1030,18.58333333,15.04166667,7.833333333,14.5,15.58333333,14.5,10.45833333,19.66666667,15.70833333,0,11.6,27
Arizona,13.53333333,0.773333333,42.2,9.666666667,1016.666667,32.13333333,10.73333333,-1.933333333,8.866666667,17.6,8.866666667,7,13.53333333,10.66666667,0.593333333,11.13333333,27
Florida,23.38709677,0.383064516,68.20967742,9.983870968,1026.798387,27.81451613,20.49193548,13.43548387,19.58064516,28.73387097,20.01612903,16.75806452,23.38709677,20.45967742,0,10.45483871,27
Georgia,20.83870968,0,63.58064516,9.935483871,1029.032258,17.90322581,15.64516129,7.612903226,14.83870968,13.64516129,14.83870968,10.03225806,20.83870968,16.06451613,0,11.55483871,27
Nevada,8.375,0.8375,48.125,9.5,1014.875,40.375,5.375,-5.125,2.25,21.125,2.25,2,8.375,5.625,0.3625,9.475,27
Florida,24.26086957,0.270807453,69.01242236,9.838509317,1026.26087,17.75776398,21.36024845,14.16149068,20.44099379,23.98136646,20.95652174,17.47826087,24.26086957,21.1863354,0,11.14596273,28.45
Georgia,23.57407407,0.003703704,63.46296296,10,1027.537037,10.22222222,18.22222222,9.814814815,17.74074074,10.12962963,17.74074074,12.51851852,23.57407407,18.66666667,0,11.6,28.45
Nevada,9,4.064285714,49.42857143,10,1018.214286,52,5.714285714,-3.928571429,3.785714286,12,3.785714286,2.142857143,9,6.142857143,0,7.9,28.45
Arizona,12.04166667,5.645833333,55.625,9.166666667,1017.958333,67.5,9.791666667,0.958333333,8.166666667,17.54166667,8.166666667,7.25,12.04166667,10.20833333,0.3,6.933333333,28.45
South Carolina,21.82926829,0,71.82926829,9.902439024,1027.487805,17.92682927,17.46341463,10.90243902,16.3902439,18.95121951,16.3902439,12.07317073,21.82926829,17.63414634,0,11.53170732,28.45
Arizona,28.6,0,28.73333333,10,1014.6,4.066666667,21.73333333,2.866666667,21.93333333,13,21.53333333,17.86666667,28.6,23.46666667,0,8.7,21.56
Florida,24.87903226,0.000806452,57.61290323,10,1019.475806,6.548387097,19.41935484,9.798387097,18.72580645,24.95967742,18.81451613,15.00806452,24.87903226,20.19354839,0,8.687903226,21.56
Georgia,23.19354839,0,47.70967742,10,1023.032258,0.290322581,13.67741935,1.774193548,13.06451613,10.29032258,13.06451613,7.451612903,23.19354839,15.5483871,0,8.7,21.56
South Carolina,22.625,0,46,10,1021.25,8.083333333,13.58333333,1.541666667,12.5,23.66666667,12.5,8.041666667,22.625,15.41666667,0,8.7,21.56
Nevada,20.375,0.075,32.875,9.75,1014.125,26.5,14.375,-3.625,13.875,14.125,13.875,9.125,20.375,15,0,8.7,21.56
Nevada,20.375,0.9875,35.625,10,1017.125,16.375,14.25,-2.625,13.875,15.75,13.875,11.125,20.375,16,0,8.7,21.95
Georgia,23.5483871,0,49.38709677,10,1023.580645,4.741935484,15.19354839,3.935483871,14.83870968,11.09677419,14.83870968,9.580645161,23.5483871,16.70967742,0,8.7,21.95
Arizona,27.93333333,0,26.13333333,10,1017.466667,15.6,20.73333333,0.466666667,21.26666667,9.8,20.73333333,17.4,27.93333333,22.6,0,7.633333333,21.95
Florida,24.28225806,0.016935484,62.58870968,10,1019.314516,25.65322581,19.56451613,11.28225806,18.54032258,22.42741935,18.62903226,14.58870968,24.28225806,19.80645161,0,7.666129032,21.95
South Carolina,23.45833333,0,55.08333333,10,1021.75,10.16666667,15.75,5.958333333,14.70833333,19.41666667,14.70833333,10.20833333,23.45833333,17.04166667,0,8.054166667,21.95
Arizona,26.93333333,0,28.06666667,10,1015.4,2.466666667,20.6,1.333333333,20.86666667,10.13333333,20.53333333,16.73333333,26.93333333,22.26666667,0,8.7,20.97
Nevada,20.75,0,44.125,10,1018.75,10.375,14.75,1.5,14.5,10.5,14.5,9.875,20.75,16.125,0,8.7,20.97
Georgia,24.61290323,0,50.16129032,10,1021.064516,42.19354839,17.35483871,6.096774194,17.22580645,9.741935484,17.22580645,12.70967742,24.61290323,18.58064516,0,8.296774194,20.97
South Carolina,24.08333333,0,53.08333333,10,1021.125,42.08333333,17,6.833333333,16.66666667,10.70833333,16.66666667,13,24.08333333,18.29166667,0,6.816666667,20.97
Florida,25.44354839,0.306451613,66.37903226,10,1019.387097,50.61290323,22.75,14.91935484,21.59677419,18.14516129,22.41935484,18.91935484,25.44354839,22.47580645,0,6.695967742,20.97
South Carolina,22.125,1.2125,75.20833333,10,1020.125,56.25,17.66666667,12.79166667,17.33333333,16.33333333,17.33333333,13.79166667,22.125,18.16666667,0,5.425,20.6
Nevada,24.25,0,37.625,10,1021,1.75,16.625,1.125,16.625,17.875,16.625,10.875,24.25,18.375,0,8.7,20.6
Georgia,21.03225806,1.803225806,77.80645161,9.870967742,1017.967742,66.38709677,16.51612903,12.09677419,16.16129032,16.74193548,16.16129032,13.41935484,21.03225806,16.96774194,0,6.229032258,20.6
Arizona,29,0,23.66666667,10,1015.666667,0,20.86666667,-1,21.33333333,12.93333333,20.8,16.6,29,22.73333333,0,8.7,20.6
Florida,26.71774194,0.795967742,74.28225806,9.911290323,1017.395161,59.62096774,25.18548387,18.52419355,23.39516129,24.03225806,25.15322581,21.62096774,26.71774194,24.16129032,0,5.894354839,20.6
Florida,26.5,0.144354839,74.91129032,9.943548387,1017.032258,44.37903226,24.21774194,17.96774194,22.83064516,12.29032258,24.12096774,20.62903226,26.5,23.44354839,0,7.810483871,20.2
Arizona,30.06666667,0,21.06666667,10,1016.733333,0,21.2,-2.266666667,21.73333333,15.13333333,21.13333333,16.53333333,30.06666667,23.2,0,8.7,20.2
Georgia,23.41935484,0.461290323,66.77419355,8.451612903,1017.774194,17,16.61290323,8.612903226,16.19354839,12.41935484,16.19354839,12.22580645,23.41935484,17.64516129,0,8.7,20.2
Nevada,24,0,36.375,10,1021.75,4.25,17,1.25,17,15.125,17,11.5,24,18.625,0,8.3,20.2
South Carolina,24.875,0.979166667,75.58333333,8.625,1016.833333,32,19.33333333,13.54166667,18.75,13.04166667,18.75,15.45833333,24.875,19.95833333,0,8.7,20.2
Nevada,24.375,0,24.375,10,1017,29.75,17.25,-3.625,17.5,7.625,17.5,12.5,24.375,18.75,0,7.875,19.8
Arizona,29.46666667,0,18.2,10,1017.4,0.066666667,21.8,-3.2,22.2,8.266666667,21.73333333,17.53333333,29.46666667,23.86666667,0,8.7,19.8
South Carolina,18.54166667,0,47.41666667,10,1018.75,3.083333333,12.08333333,0.5,10.625,22.54166667,10.625,8.291666667,18.54166667,13.20833333,0,8.7,19.8
Florida,23.84677419,0,52.57258065,10,1020.830645,26.39516129,19.23387097,8.5,18.44354839,20.14516129,18.63709677,15.05645161,23.84677419,19.55645161,0,7.608064516,19.8
Georgia,15.61290323,0,55.29032258,10,1021.483871,3.548387097,10,0.64516129,8.387096774,18.96774194,8.387096774,6.032258065,15.61290323,11,0,8.596774194,19.8
Florida,26.76612903,0,56.93548387,10,1022.653226,9.153225806,21.20967742,11.53225806,20.5,23.36290323,20.93548387,16.64516129,26.76612903,21.87903226,0,8.687903226,19.63
South Carolina,20.45833333,0,43.04166667,10,1023.958333,5.458333333,12.54166667,0.083333333,12.41666667,11.29166667,12.41666667,7.458333333,20.45833333,14.20833333,0,8.7,19.63
Georgia,21.41935484,0,49.67741935,10,1023.741935,3.451612903,13.06451613,2.258064516,12.64516129,9.935483871,12.64516129,7.290322581,21.41935484,14.58064516,0,8.7,19.63
Arizona,27,0,17.6,10,1013.4,7.733333333,20.53333333,-4.933333333,20.86666667,10.6,20.6,17.33333333,27,22.33333333,0,8.373333333,19.63
Nevada,20.5,0,28.125,10,1013,43.625,15.125,-4.125,15.125,8.875,15.125,11.75,20.5,16.375,0,6.6375,19.63
Florida,26.62096774,0,68.13709677,10,1022.274194,34.03225806,22.95967742,15.73387097,22.09677419,26.5,22.67741935,18.89516129,26.62096774,23.08064516,0,7.392741935,20.16
Nevada,19.75,0,30.375,10,1016.75,22.25,14.75,-3.625,14.5,9.375,14.5,10.625,19.75,15.75,0,6.4375,20.16
Arizona,26.8,0,19.13333333,10,1014.4,18.66666667,19.73333333,-4.4,20.26666667,7.866666667,19.73333333,16.06666667,26.8,21.4,0,8.593333333,20.16
Georgia,24.09677419,0,66.5483871,9.870967742,1024.032258,0.129032258,16.16129032,9.064516129,16,11.19354839,16,11.12903226,24.09677419,17.51612903,0,8.7,20.16
South Carolina,24.33333333,0,64.375,9.708333333,1025.125,1.208333333,16.91666667,9.166666667,16.33333333,13.29166667,16.33333333,11.70833333,24.33333333,18.29166667,0,8.7,20.16
Nevada,19.125,0,29.375,10,1017.375,32,13.375,-5.125,13.125,8.875,13.125,8.5,19.125,14.375,0,7.7,19.35
South Carolina,23.70833333,0.095833333,71.29166667,9.791666667,1023.791667,36.375,19,12.66666667,18.20833333,17.79166667,18.25,14.91666667,23.70833333,19.58333333,0,7.204166667,19.35
Georgia,22.93548387,0.048387097,68.58064516,10,1023.967742,26.74193548,16.83870968,10.41935484,16.32258065,12.87096774,16.32258065,12.41935484,22.93548387,17.80645161,0,8.183870968,19.35
Florida,26.9516129,1.980645161,74.84677419,9.903225806,1021.25,45.80645161,24.63709677,18.37096774,23.24193548,23.52419355,24.60483871,20.67741935,26.9516129,24.09677419,0,6.950806452,19.35
Arizona,27.8,0,19.8,10,1017.4,8.466666667,19.53333333,-4.266666667,19.93333333,13.46666667,19.73333333,15.06666667,27.8,21.46666667,0,8.593333333,19.35
Georgia,18.51612903,0,50.67741935,10,1026.580645,4.838709677,11.38709677,0.483870968,10.09677419,17.09677419,10.09677419,5.935483871,18.51612903,12.25806452,0,8.7,18.81
Nevada,19,0,30.875,10,1016.75,19.375,13.125,-5,12.75,8.25,12.75,8.25,19,14.375,0,7.6875,18.81
Florida,24.20967742,2.001612903,79.80645161,9.766129032,1020.435484,65.43548387,23,17.9516129,21.75806452,24.58064516,22.71774194,20.02419355,24.20967742,22.18548387,0,6.308064516,18.81
South Carolina,17.66666667,0,50.375,10,1025.666667,13.20833333,13.70833333,2.416666667,12.75,21.79166667,12.75,8.916666667,17.66666667,13.875,0,8.366666667,18.81
Arizona,24.33333333,0,20.93333333,10,1017.333333,34.26666667,18.86666667,-4.333333333,18.66666667,14,18.66666667,14.86666667,24.33333333,19.4,0,7.633333333,18.81
Florida,26.12096774,0.485483871,77.0483871,9.620967742,1014.33871,39.16935484,24.00806452,18.22580645,22.66129032,18.02419355,23.72580645,20.62903226,26.12096774,23.29032258,0,6.516129032,19.17
Georgia,16.74193548,1.512903226,70.61290323,9.419354839,1017.290323,51.5483871,12.96774194,6.774193548,11.90322581,19.06451613,11.90322581,6.903225806,16.74193548,14.09677419,0,6.670967742,19.17
South Carolina,17.04166667,0.8375,78.08333333,9.291666667,1014.958333,63.70833333,13.95833333,9.875,13.29166667,18.375,13.29166667,9.375,17.04166667,14.70833333,0,6.0125,19.17
Arizona,23.8,0,19.13333333,10,1017.866667,14.6,18.6,-5.8,18.6,21.53333333,18.46666667,15.26666667,23.8,19.66666667,0,8.7,19.17
Nevada,17,0,22.625,10,1021.375,10.75,10.875,-10.5,10.5,11.375,10.5,5.875,17,12,0,8.7,19.17
South Carolina,12.79166667,0.008333333,45.45833333,10,1023.041667,15.04166667,7.541666667,-4.208333333,4.958333333,21.75,4.958333333,3.125,12.79166667,8.041666667,0,8.7,19.75
Florida,22.41935484,0.001612903,57.41935484,10,1018.145161,8.725806452,19.09677419,9.661290323,18.16129032,31.12096774,18.42741935,14.87096774,22.41935484,18.82258065,0,8.65,19.75
Arizona,20.86666667,0.373333333,35.53333333,9.266666667,1012.933333,50.8,18.06666667,1.6,17.8,14.2,17.8,15.4,20.86666667,18.4,0.06,7.093333333,19.75
Georgia,14.32258065,0.006451613,46.29032258,10,1024.064516,2.096774194,7.129032258,-4.483870968,5.483870968,13.12903226,5.483870968,1.870967742,14.32258065,8.096774194,0,8.7,19.75
Nevada,18.375,0,22.75,10,1013,31.625,12.875,-9.5,12.25,11.25,12.25,8.25,18.375,14,0,7.5,19.75
South Carolina,14.54166667,0,41.58333333,10,1029.25,1.958333333,7.791666667,-4.916666667,6.791666667,11.75,6.791666667,3.125,14.54166667,9.166666667,0,8.7,19.67
Florida,22.09677419,0.040322581,57.39516129,10,1023.927419,30.33870968,18.53225806,9.048387097,17.17741935,28.44354839,17.2016129,14.57258065,22.09677419,18.70967742,0,7.353225806,19.67
Georgia,14.93548387,0,42.90322581,10,1028.419355,3.161290323,8.032258065,-4.225806452,7.161290323,11.61290323,7.161290323,3.516129032,14.93548387,9.387096774,0,8.7,19.67
Arizona,22.26666667,0.006666667,29.6,10,1014.333333,19.93333333,17.86666667,-1.066666667,17.93333333,11.93333333,17.93333333,15.13333333,22.26666667,18.86666667,0.006666667,8.7,19.67
Nevada,15.5,0,25.75,10,1020.625,6,9.375,-10.5,8.25,21.5,8.25,5.25,15.5,10.625,0,8.7,19.67
Nevada,18.125,0,16.25,10,1024.125,3.75,10.5,-15.75,10,9,10,4.875,18.125,12,0,8.7,19.07
Florida,23.52419355,0.075,62.22580645,10,1019.193548,40.7983871,21.01612903,12.45967742,20.17741935,16.43548387,20.62903226,18.04032258,23.52419355,20.91129032,0,7.810483871,19.07
Georgia,14.83870968,0.293548387,58.61290323,9.322580645,1020.322581,34.87096774,10.16129032,1.322580645,8.548387097,19.67741935,8.548387097,5.419354839,14.83870968,10.67741935,0,8.225806452,19.07
Arizona,23.26666667,0,18.6,10,1020.466667,3.6,16.73333333,-7.933333333,16.2,18.73333333,16.2,12.13333333,23.26666667,17.86666667,0,8.7,19.07
South Carolina,15.91666667,0.7875,60.25,9.541666667,1017.708333,36.16666667,11.70833333,3.541666667,10.375,20.20833333,10.375,7.5,15.91666667,12.66666667,0,7.008333333,19.07
South Carolina,14.125,0,45.20833333,10,1017.541667,10.125,9.5,-2.666666667,7.875,17.79166667,7.875,6.125,14.125,10,0,8.7,18.08
Arizona,25.73333333,0,20.26666667,10,1018.2,0,18.53333333,-4.866666667,18.86666667,10.26666667,18.86666667,14.26666667,25.73333333,20,0,8.7,18.08
Florida,22.04032258,0,55.48387097,9.927419355,1018.153226,24.47580645,17.77419355,8.10483871,17.25806452,18.45967742,17.27419355,14.47580645,22.04032258,18.18548387,0,8.183870968,18.08
Georgia,14.87096774,0.003225806,50.64516129,9.903225806,1019.419355,7.451612903,8.709677419,-2.064516129,6.935483871,17.19354839,6.935483871,4.709677419,14.87096774,9.64516129,0,8.7,18.08
Nevada,22.625,0,27.125,10,1019.75,0.5,14.25,-5.5,14.25,9,14.25,8.75,22.625,16,0,8.7,18.08
South Carolina,19.29166667,0,44.33333333,10,1020.166667,4.333333333,10.375,-1.5,9.708333333,15.54166667,9.708333333,4.833333333,19.29166667,12.33333333,0,8.7,17.65
Arizona,26,0,22.4,10,1015.533333,0.066666667,18.66666667,-3.4,18.73333333,7.533333333,18.66666667,14.26666667,26,20.4,0,8.7,17.65
Florida,22.76612903,0,58.37096774,10,1020.669355,2.701612903,17.75806452,8.685483871,17.08870968,13.97580645,17.09677419,13.53225806,22.76612903,18.31451613,0,8.7,17.65
Georgia,19.25806452,0,50.12903226,10,1020.83871,2.258064516,10.32258065,0,9.451612903,13.58064516,9.451612903,4.870967742,19.25806452,11.90322581,0,8.7,17.65
Nevada,21.625,0,30.125,10,1019.375,4,14.125,-4.125,14.125,14.75,14.125,9.25,21.625,15.625,0,8.7,17.65
Nevada,22.375,0,28.25,10,1020.625,1.25,14.5,-4.375,14.5,14.5,14.5,9.25,22.375,16.25,0,8.7,17.49
South Carolina,19.83333333,0,55,10,1021.583333,17.54166667,12.54166667,3.25,11.875,17.91666667,11.875,8,19.83333333,13.91666667,0,7.966666667,17.49
Georgia,19.22580645,0,56.58064516,10,1022.129032,14.96774194,11.87096774,3,11.19354839,13.19354839,11.19354839,7.419354839,19.22580645,13.12903226,0,7.709677419,17.49
Florida,23.23387097,0.022580645,66.06451613,9.991935484,1021.846774,26.98387097,19.2983871,12.09677419,18.78225806,13.08870968,19.00806452,15.56451613,23.23387097,19.67741935,0,7.750806452,17.49
Arizona,26.46666667,0,22.4,10,1017.333333,0,18.86666667,-3.333333333,19.2,10.46666667,19,14.8,26.46666667,20.6,0,8.7,17.49
Florida,25.45967742,0.014516129,66.18548387,9.991935484,1021.274194,5.588709677,20.80645161,13.21774194,20,14.90322581,20.48387097,16.41935484,25.45967742,21.0483871,0,8.7,18.72
Arizona,26.53333333,0,22.93333333,10,1016.6,9.6,19.46666667,-2.266666667,19.73333333,10.33333333,19.6,15.73333333,26.53333333,20.93333333,0,8.7,18.72
Georgia,23.09677419,0,65.29032258,9.967741935,1020.225806,1.741935484,14.48387097,7.322580645,13.5483871,17.41935484,13.5483871,8.774193548,23.09677419,15.87096774,0,8.7,18.72
South Carolina,23.33333333,0,58,10,1018.458333,1.541666667,15.79166667,6.666666667,14.41666667,23.45833333,14.41666667,9.708333333,23.33333333,16.83333333,0,8.7,18.72
Nevada,21.5,0,30.875,10,1018.5,14.25,13.625,-3.625,13.5,7.125,13.5,8.375,21.5,15.125,0,8.275,18.72
Arizona,25.6,0,27.53333333,10,1016.4,1.333333333,18.93333333,-0.333333333,19.33333333,8.6,18.93333333,15.33333333,25.6,20.6,0,8.7,18.55
Florida,24.62096774,0,63.81451613,10,1020.290323,14.27419355,20.44354839,12.36290323,19.67741935,14.34677419,20.12903226,16.38709677,24.62096774,20.56451613,0,8.50483871,18.55
Nevada,19.625,0,30.875,10,1017.5,7,12.625,-4.875,12.25,6.125,12.25,7.75,19.625,13.875,0,8.7,18.55
Georgia,22.41935484,0,70.25806452,9.774193548,1019.612903,12.5483871,15.5483871,9.35483871,14.96774194,14.03225806,14.96774194,11.12903226,22.41935484,16.51612903,0,8.54516129,18.55
South Carolina,24.08333333,0,63.66666667,9.958333333,1018.291667,3.791666667,16.45833333,8.916666667,15.95833333,15.83333333,15.95833333,11.625,24.08333333,17.75,0,8.629166667,18.55
Georgia,20.58064516,0.787096774,80.12903226,9.258064516,1018.16129,67,16.51612903,12.80645161,16.12903226,16.51612903,16.12903226,12.67741935,20.58064516,17.25806452,0,5.493548387,19.35
Florida,26.86290323,0.05483871,75.47580645,9.983870968,1019.419355,30.61290323,23.68548387,17.86290323,22.54032258,13.86290323,23.48387097,20.11290323,26.86290323,23.28225806,0,7.834677419,19.35
South Carolina,22.29166667,0.008333333,77.08333333,9.708333333,1018.166667,37.83333333,17.45833333,12.875,17.04166667,19.75,17.04166667,13.75,22.29166667,18.33333333,0,7.666666667,19.35
Nevada,17.625,0.1375,27.625,9.75,1013,20,12.5,-6.875,11.5,13.75,11.5,8.25,17.625,13.125,0,7.85,19.35
Arizona,24.33333333,0,25.06666667,10,1013.266667,10.06666667,17.93333333,-2.866666667,17.73333333,11.86666667,17.73333333,13.8,24.33333333,19.26666667,0,8.586666667,19.35
Arizona,18.73333333,0.026666667,34,9.933333333,1011.4,28.6,16.4,-0.266666667,16.06666667,12,16.06666667,13.93333333,18.73333333,16.6,0.02,8.586666667,19.245
South Carolina,15.41666667,0.6625,76.20833333,9.291666667,1018.958333,78.20833333,13.79166667,9.666666667,12.83333333,18.25,12.83333333,11.16666667,15.41666667,13.33333333,0,4.625,19.245
Florida,27.36290323,0.030645161,73.41129032,9.862903226,1017.572581,20.71774194,23.59677419,17.25806452,22.46774194,11.18548387,23.34677419,19.31451613,27.36290323,23.33064516,0,8.544354839,19.245
Nevada,17.75,0,41.625,10,1011.5,15.5,12,-1.625,11.5,9.875,11.5,7.125,17.75,12.875,0,8.7,19.245
Georgia,13.96774194,3.161290323,85.06451613,9.612903226,1018.064516,74.03225806,11.67741935,9.161290323,10.67741935,12.93548387,10.67741935,9.387096774,13.96774194,11.93548387,0,4.435483871,19.245
South Carolina,15.58333333,2.4875,82.375,9.083333333,1016.166667,81.5,11.875,8.625,11.29166667,12.375,11.29166667,9.25,15.58333333,12.41666667,0,4.279166667,19.9
Florida,28.05645161,0.088709677,72.74193548,9.887096774,1016.903226,20.02419355,23.82258065,17.22580645,22.62903226,13.84677419,23.65322581,19.62096774,28.05645161,23.56451613,0,8.475806452,19.9
Georgia,14.93548387,4.403225806,85.4516129,9.064516129,1016,83.67741935,12.25806452,9.774193548,11.74193548,11.58064516,11.74193548,10.35483871,14.93548387,12.87096774,0,3.887096774,19.9
Arizona,19.66666667,0,38.46666667,10,1015.266667,16.8,15.26666667,0.6,15.06666667,11.46666667,15.06666667,12.33333333,19.66666667,16.2,0,7.72,19.9
Nevada,14.375,0,57.25,10,1013.625,30.875,10.625,2.25,9.75,14.125,9.75,6.75,14.375,10.875,0,8.4875,19.9
Georgia,14.74193548,0.151612903,79.12903226,9.35483871,1020.16129,58.74193548,11.32258065,7.838709677,10.48387097,12.80645161,10.48387097,8.096774194,14.74193548,11.61290323,0,5.55483871,19.34
Nevada,8.375,1.9125,65.625,8.125,1007.25,63.125,7.5,1.5,4.75,29.125,4.75,5.5,8.375,7.375,0.15,4.7125,19.34
Arizona,17.2,2.153333333,56.4,9.666666667,1010.933333,38.73333333,14.26666667,5.333333333,13.2,27.2,13.2,11.33333333,17.2,14.53333333,0,7.806666667,19.34
South Carolina,14.83333333,0.004166667,79.04166667,9.333333333,1021.625,51,11.41666667,7.625,10.45833333,15.5,10.45833333,7.916666667,14.83333333,11.70833333,0,6.208333333,19.34
Florida,27.47580645,0.048387097,75.40322581,9.653225806,1019.177419,23.42741935,24.78225806,18.54032258,23.29032258,12.17741935,24.60483871,20.7016129,27.47580645,24.16935484,0,8.043548387,19.34
Florida,28.51612903,0.034677419,76.87903226,9.64516129,1020,22.68548387,25.49193548,19.36290323,23.87096774,16.89516129,25.44354839,21.10483871,28.51612903,24.82258065,0,8.543548387,19.97
Arizona,14.2,4.146666667,60,9.466666667,1015.2,37,11.33333333,3.466666667,10.13333333,16.66666667,10.13333333,8.133333333,14.2,11.4,0.173333333,8.033333333,19.97
Georgia,20.41935484,1.04516129,93.77419355,6.580645161,1017.612903,90.35483871,17,15.83870968,16.58064516,15.16129032,16.64516129,13.48387097,20.41935484,17.51612903,0,4.14516129,19.97
South Carolina,19.58333333,0.533333333,90.91666667,8.541666667,1019.541667,77.375,16.08333333,14.5,16,15.125,16,12.625,19.58333333,16.66666667,0,5.304166667,19.97
Nevada,9.875,0.25,45,10,1020,7.5,4.875,-7.5,2.625,15.5,2.625,0.875,9.875,5.625,0,8.7,19.97
Georgia,15,0,49,10,1019,40,10,0,9,11,9,7,15,11,0,8.7,19.99
Arizona,19,0,22.5,10,1018,44.5,15.5,-6.5,15.5,7.5,15.5,13,19,16.5,0,8.7,19.99
Florida,23.83333333,3.166666667,85.16666667,9.833333333,1012.333333,78.66666667,23.5,19.33333333,22.16666667,17.16666667,23.33333333,21,23.83333333,22.5,0,4.4,19.99
Nevada,11.125,0.6125,42.625,8.625,1016.375,39.75,6.625,-7.75,6.25,8.875,6.25,3.125,11.125,7.5,0.15,7.4,20.58
South Carolina,13.66666667,1.204166667,78.16666667,8.625,1010.166667,57.29166667,9.416666667,5.458333333,7.5,20.54166667,7.5,7.291666667,13.66666667,10.16666667,0,6.008333333,20.58
Georgia,15.74193548,0.629032258,72.32258065,9.35483871,1012.645161,36.22580645,9.451612903,4.064516129,7.967741935,17.06451613,7.967741935,6.225806452,15.74193548,10.48387097,0,8.167741935,20.58
Arizona,20.33333333,0,20,10,1017.066667,22.86666667,15.73333333,-7.666666667,15.6,5.466666667,15.6,12.33333333,20.33333333,16.46666667,0,8.586666667,20.58
Florida,19.92741935,0.117741935,70.22580645,9.991935484,1011.959677,55.10483871,18.12096774,12.08064516,17.40322581,27.67741935,17.41935484,15.83870968,19.92741935,17.91129032,0,5.537903226,20.58
Georgia,14.61290323,0,53.03225806,10,1020.935484,3.580645161,7.483870968,-2.032258065,6.387096774,11.38709677,6.387096774,2.580645161,14.61290323,8.741935484,0,8.7,20.93
Arizona,17.46666667,0.293333333,27.8,9.666666667,1014.266667,56.8,15.4,-4.066666667,15.2,11.46666667,15.2,14,17.46666667,15.73333333,0.12,6.586666667,20.93
South Carolina,14.25,0,57.29166667,10,1021.333333,1.416666667,7.875,-0.166666667,6.458333333,14.41666667,6.458333333,3.416666667,14.25,8.791666667,0,8.633333333,20.93
Nevada,11.5,1.5,46.375,9,1009.75,51.625,8.75,-4.125,6.875,21,6.875,6.25,11.5,9,0.475,5.3375,20.93
Florida,22.28225806,0,54.41935484,10,1019.709677,1.362903226,16.40322581,6.572580645,15.77419355,16.82258065,15.78225806,11.89516129,22.28225806,17.11290323,0,8.7,20.93
Nevada,6.75,0.475,64.5,9.125,1007.875,32.75,3.75,-2.5,-0.5,33.75,-0.5,0.375,6.75,4.125,0.15,7.4,21.26
Florida,26.01612903,0,71.66129032,9.919354839,1019.862903,2.887096774,21.97580645,15.59677419,21.08870968,10.54032258,21.56451613,18.01612903,26.01612903,22.08870968,0,8.620967742,21.26
Arizona,12.13333333,0.54,58.86666667,9.533333333,1012.866667,43.13333333,10.73333333,2.8,9.133333333,17.4,9.133333333,9.2,12.13333333,10.53333333,0.066666667,6.033333333,21.26
South Carolina,22.375,0,78.375,9.875,1017.75,24.91666667,17.66666667,13.29166667,17.16666667,16.58333333,17.16666667,13.70833333,22.375,18.20833333,0,7.2375,21.26
Georgia,22.12903226,0,83.29032258,7.612903226,1017.419355,44.83870968,17.67741935,14.29032258,17.35483871,13.61290323,17.35483871,14.22580645,22.12903226,18.22580645,0,5.816129032,21.26
Florida,26.66129032,0.006451613,72.52419355,9.935483871,1018.419355,11.30645161,22.69354839,16.34677419,21.82258065,16.16129032,22.5483871,18.63709677,26.66129032,22.64516129,0,8.517741935,21.33
Arizona,11.26666667,3.246666667,64.66666667,8.2,1009.6,67.93333333,9.333333333,2.933333333,6.733333333,25.13333333,6.733333333,7.533333333,11.26666667,9.4,0.14,4.593333333,21.33
Nevada,4.625,0.1625,65,9.875,1006.625,46.375,2.5,-3.625,0.5,15.625,0.5,0.25,4.625,2.625,0.0125,6.775,21.33
Georgia,20.25806452,0.174193548,80.87096774,9.677419355,1015.419355,66.19354839,18.12903226,14.29032258,17.90322581,16.29032258,17.90322581,16.09677419,20.25806452,18.25806452,0,5.435483871,21.33
South Carolina,22.29166667,0.020833333,80.58333333,9.75,1016.166667,29.66666667,18.83333333,14.79166667,18.29166667,21.33333333,18.29166667,15.45833333,22.29166667,19.04166667,0,7.375,21.33
Arizona,11.2,1.553333333,64.4,9.733333333,1013,59.93333333,8.533333333,2.066666667,6.933333333,14.8,6.933333333,6.4,11.2,8.933333333,0.313333333,6.353333333,21.46
South Carolina,22.16666667,0.129166667,81.91666667,9.916666667,1015.125,48.79166667,19.625,15.91666667,19.08333333,25.875,19.08333333,16.95833333,22.16666667,19.66666667,0,6.55,21.46
Georgia,21.03225806,0.65483871,88.4516129,9.774193548,1014.032258,79.51612903,18.74193548,16.64516129,18.4516129,20.77419355,18.4516129,16.77419355,21.03225806,19,0,4.196774194,21.46
Florida,27.75,0.087903226,75.87096774,9.879032258,1018.112903,18.66129032,23.86290323,17.97580645,22.7016129,20.28225806,23.84677419,19.50806452,27.75,23.57258065,0,8.178225806,21.46
Nevada,3.875,0.825,78.75,8.5,1012.5,61,1.375,-2.125,0.25,7.875,0.25,-1.375,3.875,1.625,0.075,5.5375,21.46
Nevada,4.625,2.475,85.875,7.125,1011.875,82,3.125,1,1.375,13.375,1.375,1.625,4.625,3.25,0,4.95,21.2
Florida,28.74193548,0.123387097,77.41129032,9.733870968,1018.508065,10.91935484,24.90322581,19.04032258,23.47580645,17.79032258,24.89516129,20.37903226,28.74193548,24.47580645,0,8.358064516,21.2
Arizona,13.66666667,0.753333333,62.6,9.066666667,1014.066667,63.13333333,10.93333333,3.866666667,9.866666667,15,9.866666667,8.466666667,13.66666667,11.33333333,0.18,6.153333333,21.2
South Carolina,22.95833333,0.504166667,84.70833333,10,1014.375,65.625,20.95833333,17.5,20.375,26.20833333,20.54166667,18.70833333,22.95833333,20.83333333,0,5.708333333,21.2
Georgia,22.41935484,1.870967742,90.4516129,8.774193548,1014.290323,86.29032258,20.03225806,18.06451613,19.5483871,19.51612903,19.74193548,18.12903226,22.41935484,20.19354839,0,4.248387097,21.2
Nevada,8.25,0.1375,76.375,9.875,1010.5,41.25,5.375,1.375,4.5,9.5,4.5,2.875,8.25,5.875,0,8.075,20.985
Arizona,11.86666667,18.2,79.66666667,7.2,1009.666667,85.93333333,10.6,7.066666667,9.666666667,11.86666667,9.666666667,9.466666667,11.86666667,10.6,0.12,3.72,20.985
South Carolina,21.95833333,0.808333333,89.58333333,7.916666667,1014.125,65.58333333,19.79166667,17.25,19.08333333,20.625,19.08333333,16.66666667,21.95833333,19.20833333,0,5.254166667,20.985
Georgia,21.90322581,1.2,93.06451613,6.580645161,1014.322581,92.5483871,18.93548387,17.58064516,18.64516129,14.90322581,18.70967742,16.51612903,21.90322581,19.03225806,0,3.722580645,20.985
Florida,28.9516129,0.037096774,76.69354839,9.60483871,1018.096774,10.37903226,25.26612903,19.12903226,23.81451613,16.00806452,25.26612903,20.57258065,28.9516129,24.83870968,0,8.383870968,20.985
